[
  {"userId": 1,
  "id_post": 1,
    "date": "01-06-2021",
    "detail": {
      "product_id": 1,
      "productName": "Silla Gamer",
      "type": "Gamer",
      "brand": "Racer",
      "color": "Red",
      "notes": "Special"

    },
    "category": 100,
    "price": 1500.0
  },
  {"userId": 1,
    "id_post": 2,
    "date": "30-04-2021",
    "detail": {
      "product_id": 1,
      "productName": "Silla",
      "type": "Gamer",
      "brand": "Racer",
      "color": "Blue",
      "notes": "Special"

    },
    "category": 100,
    "price": 800.0
  },
  {"userId": 5,
    "id_post": 3,
    "date": "02-06-2021",
    "detail": {
      "product_id": 1,
      "productName": "Headphones",
      "type": "Gamer",
      "brand": "logitech",
      "color": "green",
      "notes": "estandar"

    },
    "category": 100,
    "price": 200.0
  }

]