{
	"info": {
		"_postman_id": "b5c8b6aa-3af0-458a-a873-2a2117aaa8ff",
		"name": "Desafio Copy",
		"schema": "https://schema.getpostman.com/json/collection/v2.1.0/collection.json"
	},
	"item": [
		{
			"name": "followRequest",
			"request": {
				"method": "POST",
				"header": [],
				"url": {
					"raw": "http://localhost:8080/users/1/follow/5",
					"protocol": "http",
					"host": [
						"localhost"
					],
					"port": "8080",
					"path": [
						"users",
						"1",
						"follow",
						"5"
					]
				}
			},
			"response": []
		},
		{
			"name": "CountFollowersRequest",
			"request": {
				"method": "GET",
				"header": [],
				"url": {
					"raw": "http://localhost:8080/users/1/followers/count",
					"protocol": "http",
					"host": [
						"localhost"
					],
					"port": "8080",
					"path": [
						"users",
						"1",
						"followers",
						"count"
					]
				}
			},
			"response": []
		},
		{
			"name": "ListFollowersRequest",
			"request": {
				"method": "GET",
				"header": [],
				"url": {
					"raw": "http://localhost:8080/users/5/followers/list",
					"protocol": "http",
					"host": [
						"localhost"
					],
					"port": "8080",
					"path": [
						"users",
						"5",
						"followers",
						"list"
					]
				}
			},
			"response": []
		},
		{
			"name": "ListFollowedRequest",
			"request": {
				"method": "GET",
				"header": [],
				"url": {
					"raw": "http://localhost:8080/users/1/followed/list?order=name_desc",
					"protocol": "http",
					"host": [
						"localhost"
					],
					"port": "8080",
					"path": [
						"users",
						"1",
						"followed",
						"list"
					],
					"query": [
						{
							"key": "order",
							"value": "name_desc"
						}
					]
				}
			},
			"response": []
		},
		{
			"name": "CreatePostRequest",
			"request": {
				"method": "POST",
				"header": [],
				"body": {
					"mode": "raw",
					"raw": "{\n    \t\"userId\": 2,\n   \t \"id_post\" : 11,\n \"date\" : \"15-06-2021\",\n    \t \"detail\" :\n        \t{ \"product_id\" : 1,\n              \"productName\" : \"Silla Gamer\",\n          \t   \"type\" : \"Gamer\",\n               \"brand\" : \"Racer\",\n               \"color\" : \"Red & Black\",\n               \"notes\" : \"Special Edition\"\n        \t},\n     \t\"category\" : \"\",\n     \t\"price\" : 0.1\n       \n}\n",
					"options": {
						"raw": {
							"language": "json"
						}
					}
				},
				"url": {
					"raw": "http://localhost:8080/products/newpost",
					"protocol": "http",
					"host": [
						"localhost"
					],
					"port": "8080",
					"path": [
						"products",
						"newpost"
					]
				}
			},
			"response": []
		},
		{
			"name": "PostsListRequest",
			"request": {
				"method": "GET",
				"header": [],
				"url": {
					"raw": "http://localhost:8080/products/followed/1/list?order=date_desc",
					"protocol": "http",
					"host": [
						"localhost"
					],
					"port": "8080",
					"path": [
						"products",
						"followed",
						"1",
						"list"
					],
					"query": [
						{
							"key": "order",
							"value": "date_desc"
						}
					]
				}
			},
			"response": []
		},
		{
			"name": "UnfollowRequest",
			"request": {
				"method": "POST",
				"header": [],
				"url": {
					"raw": "http://localhost:8080/users/2/unfollow/5",
					"protocol": "http",
					"host": [
						"localhost"
					],
					"port": "8080",
					"path": [
						"users",
						"2",
						"unfollow",
						"5"
					]
				}
			},
			"response": []
		},
		{
			"name": "CreatePromoPostRequest",
			"request": {
				"method": "POST",
				"header": [],
				"body": {
					"mode": "raw",
					"raw": "{\n    \t\"userId\": 5,\n   \t \"id_post\" : 13,\n \"date\" : \"10-06-2021\",\n    \t \"detail\" :\n        \t{ \"product_id\" : 1,\n              \"productName\" : \"Silla Gamer\",\n          \t   \"type\" : \"Gamer\",\n               \"brand\" : \"Racer\",\n               \"color\" : \"Blue & Black\",\n               \"notes\" : \"Normal Edition\"\n        \t},\n     \t\"category\" : \"algo\",\n     \t\"price\" : 3650,\n         \"hasPromo\": true,\n         \"discount\": 30\n       \n}\n",
					"options": {
						"raw": {
							"language": "json"
						}
					}
				},
				"url": {
					"raw": "http://localhost:8080/products/newpromopost",
					"protocol": "http",
					"host": [
						"localhost"
					],
					"port": "8080",
					"path": [
						"products",
						"newpromopost"
					]
				}
			},
			"response": []
		},
		{
			"name": "PromoProductsCountRequest",
			"request": {
				"method": "GET",
				"header": [],
				"url": {
					"raw": "http://localhost:8080/products/5/countPromo",
					"protocol": "http",
					"host": [
						"localhost"
					],
					"port": "8080",
					"path": [
						"products",
						"5",
						"countPromo"
					]
				}
			},
			"response": []
		},
		{
			"name": "PromoPostListRequest",
			"request": {
				"method": "GET",
				"header": [],
				"url": {
					"raw": "http://localhost:8080/products/5/list",
					"protocol": "http",
					"host": [
						"localhost"
					],
					"port": "8080",
					"path": [
						"products",
						"5",
						"list"
					]
				}
			},
			"response": []
		}
	]
}